{
  "individual_results": {
    "strassen_discrete_final.pt": {
      "errors": {
        "2": 1.4142791826543544e-07,
        "4": 1.7532400420350314e-07,
        "8": 3.176005520799663e-07,
        "16": 7.754686066618888e-07,
        "32": 1.5174691725405864e-06,
        "64": 3.6423036817723187e-06
      },
      "scaling_exponent": 0.9732037745877604,
      "purity_factor": 16.741296469295946,
      "max_size_success": 64
    },
    "strassen_grokked_weights.pt": {
      "errors": {
        "2": 1.343752700222467e-07,
        "4": 1.030785412581281e-07,
        "8": 6.492929855994589e-07,
        "16": 6.744120355506311e-07,
        "32": 1.4579409253201447e-06,
        "64": 3.130559662167798e-06
      },
      "scaling_exponent": 0.9780432927579932,
      "purity_factor": 16.786080261681754,
      "max_size_success": 64
    },
    "strassen_exact.pt": {
      "errors": {
        "2": 0.0,
        "4": 1.9770163817156572e-07,
        "8": 3.7285951748344814e-07,
        "16": 8.609628139311098e-07,
        "32": 1.3518402965928544e-06,
        "64": 3.2586301585979527e-06
      },
      "scaling_exponent": 2.4139369317368926,
      "purity_factor": 21.419228158283147,
      "max_size_success": 64
    }
  },
  "phi_alpha_function": {
    "coefficient": -0.0,
    "form": "phi(alpha) \u221d exp(--0.00\u00b7alpha)"
  },
  "extensivity_verified": "False"
}