{
  "individual_results": {
    "strassen_discrete_final.pt": {
      "initial_entropy": 1.3862943611198906,
      "final_entropy": 1.3862943611198906,
      "entropy_drop": 0.0,
      "max_production_rate": 0.0,
      "timescale": 218.71949914598417
    },
    "strassen_grokked_weights.pt": {
      "initial_entropy": 1.3862943611198906,
      "final_entropy": 1.3862943611198906,
      "entropy_drop": 0.0,
      "max_production_rate": 0.0,
      "timescale": 218.71949914598417
    },
    "strassen_exact.pt": {
      "initial_entropy": 1.3862943611198906,
      "final_entropy": 1.3862943611198906,
      "entropy_drop": 0.0,
      "max_production_rate": 0.0,
      "timescale": 218.71949914598417
    }
  },
  "scaling_law": {
    "slope": 5.4679874786496026,
    "intercept": 109.35974957299214
  },
  "mean_timescale": 218.71949914598417,
  "entropy_exponent": 0.0
}