{
  "individual_results": {
    "strassen_discrete_final.pt": {
      "errors": {
        "2": 1.456773546237855e-08,
        "4": 1.8440401561292674e-07,
        "8": 3.447356959895842e-07,
        "16": 7.049234227451961e-07,
        "32": 1.5635932868462987e-06,
        "64": 3.3805283692345256e-06
      },
      "scaling_exponent": 1.416439638224783,
      "purity_factor": 18.196680733639212,
      "max_size_success": 64
    },
    "strassen_grokked_weights.pt": {
      "errors": {
        "2": 2.3973134588572975e-08,
        "4": 1.3335181847651256e-07,
        "8": 6.048322234164516e-07,
        "16": 8.362072776435525e-07,
        "32": 1.6244511016338947e-06,
        "64": 3.4527188290667254e-06
      },
      "scaling_exponent": 1.3468030491621725,
      "purity_factor": 17.866697942329214,
      "max_size_success": 64
    },
    "strassen_exact.pt": {
      "errors": {
        "2": 6.573053212832747e-08,
        "4": 2.788094661809737e-07,
        "8": 2.963780616482836e-07,
        "16": 8.979458243629779e-07,
        "32": 1.8205869309895206e-06,
        "64": 2.769477305264445e-06
      },
      "scaling_exponent": 1.048710785323978,
      "purity_factor": 16.97725975785098,
      "max_size_success": 64
    }
  },
  "phi_alpha_function": {
    "coefficient": -0.0,
    "form": "phi(alpha) proportional to exp(--0.00*alpha)"
  },
  "extensivity_verified": "False"
}