{
  "checkpoint": "checkpoints/strassen_coefficients.pt",
  "grade": "Vidrio Amorfo (\u03b4<0.5, m\u00ednimo local)",
  "purity_index": 0.30572171211242677,
  "component_scores": {
    "kappa_score": 0,
    "delta_score": 0.041648030281066895,
    "resilience_score": 1.0,
    "invariance_score": 1.0
  },
  "metrics": {
    "kappa": 7.296478185304288e+24,
    "delta": 0.47917598485946655,
    "lc": 0.78125
  },
  "expansion": {
    "pass": false,
    "max_error": 0.47917598485946655
  }
}