{
  "checkpoint": "checkpoints/strassen_result.pt",
  "grade": "Cristal \u00d3ptico (\u03ba\u22481, \u03b4<0.01, resiliencia >1e-3)",
  "purity_index": 2.6033452212810517,
  "component_scores": {
    "kappa_score": 0,
    "delta_score": 0.013380885124206543,
    "resilience_score": 10.0,
    "invariance_score": 1.0
  },
  "diffraction": {
    "invariance_ratio": 0.0,
    "mean_error": 2.2438260567188264,
    "is_genuine": false
  },
  "resilience": {
    "sigma_1e-05": {
      "success_rate": 0.0,
      "final_margin_mean": 0.4933010578155518
    },
    "sigma_5e-05": {
      "success_rate": 0.0,
      "final_margin_mean": 0.4933229207992554
    },
    "sigma_0.0001": {
      "success_rate": 0.0,
      "final_margin_mean": 0.4932949185371399
    },
    "sigma_0.0005": {
      "success_rate": 0.0,
      "final_margin_mean": 0.49341979026794436
    },
    "sigma_0.001": {
      "success_rate": 0.0,
      "final_margin_mean": 0.49358683824539185
    },
    "sigma_0.005": {
      "success_rate": 0.0,
      "final_margin_mean": 0.49697683453559877
    },
    "sigma_0.01": {
      "success_rate": 0.0,
      "final_margin_mean": 0.4983609437942505
    },
    "critical_sigma": 0.01
  },
  "expansion": {
    "pass": false,
    "max_error": 0.49330955743789673
  },
  "metrics": {
    "kappa": 2.0507327532307878e+30,
    "delta": 0.49330955743789673
  }
}