{
  "checkpoint": "checkpoints/strassen_robust.pt",
  "grade": "Policristalino (\u03b4<0.3, generaliza pero impuro)",
  "purity_index": 0.5720826774835587,
  "component_scores": {
    "kappa_score": 0,
    "delta_score": 0.6971337795257568,
    "resilience_score": 1.0,
    "invariance_score": 1.0
  },
  "metrics": {
    "kappa": 3.4616144969384647e+31,
    "delta": 0.15143311023712158,
    "lc": 0.8645833134651184
  },
  "expansion": {
    "pass": false,
    "max_error": 0.15143311023712158
  }
}