{
  "checkpoint": "checkpoints/strassen_grokkit.pt",
  "grade": "Vidrio Amorfo (\u03b4<0.5, m\u00ednimo local)",
  "purity_index": 0.5929843276739121,
  "component_scores": {
    "kappa_score": 1.0,
    "delta_score": 0.0006899833679199219,
    "resilience_score": 1.0,
    "invariance_score": 1.0
  },
  "metrics": {
    "kappa": Infinity,
    "delta": 0.49965500831604004,
    "lc": 0.8541666865348816
  },
  "expansion": {
    "pass": false,
    "max_error": 0.49965500831604004
  }
}