{
  "checkpoint": "checkpoints/strassen_result.pt",
  "grade": "Vidrio Amorfo (\u03b4<0.5, m\u00ednimo local)",
  "purity_index": 0.29858151972293856,
  "component_scores": {
    "kappa_score": 0,
    "delta_score": 0.013380885124206543,
    "resilience_score": 1.0,
    "invariance_score": 1.0
  },
  "metrics": {
    "kappa": 2.0507327532307878e+30,
    "delta": 0.49330955743789673,
    "lc": 0.8645833134651184
  },
  "expansion": {
    "pass": false,
    "max_error": 0.49330955743789673
  }
}