{
  "checkpoint": "checkpoints/strassen_float64.pt",
  "grade": "Vidrio Amorfo (\u03b4<0.5, m\u00ednimo local)",
  "purity_index": 0.30492701530456545,
  "component_scores": {
    "kappa_score": 0,
    "delta_score": 0.027942538261413574,
    "resilience_score": 1.0,
    "invariance_score": 1.0
  },
  "metrics": {
    "kappa": 1.1321909383246617e+25,
    "delta": 0.4860287308692932,
    "lc": 0.875
  },
  "expansion": {
    "pass": false,
    "max_error": 0.4860287308692932
  }
}