{
  "checkpoint": "checkpoints/strassen_grokked_weights.pt",
  "grade": "Cristal \u00d3ptico (\u03ba\u22481, \u03b4<0.01, resiliencia >1e-3)",
  "purity_index": 2.6028630644083024,
  "component_scores": {
    "kappa_score": 0,
    "delta_score": 0.011452257633209229,
    "resilience_score": 10.0,
    "invariance_score": 1.0
  },
  "diffraction": {
    "invariance_ratio": 0.0,
    "mean_error": 1.0823489069938659,
    "is_genuine": false
  },
  "resilience": {
    "sigma_1e-05": {
      "success_rate": 0.0,
      "final_margin_mean": 0.49427969455718995
    },
    "sigma_5e-05": {
      "success_rate": 0.0,
      "final_margin_mean": 0.49431219696998596
    },
    "sigma_0.0001": {
      "success_rate": 0.0,
      "final_margin_mean": 0.49424793720245364
    },
    "sigma_0.0005": {
      "success_rate": 0.0,
      "final_margin_mean": 0.4944716155529022
    },
    "sigma_0.001": {
      "success_rate": 0.0,
      "final_margin_mean": 0.49507397413253784
    },
    "sigma_0.005": {
      "success_rate": 0.0,
      "final_margin_mean": 0.49575074911117556
    },
    "sigma_0.01": {
      "success_rate": 0.0,
      "final_margin_mean": 0.49285905361175536
    },
    "critical_sigma": 0.01
  },
  "expansion": {
    "pass": false,
    "max_error": 0.4942738711833954
  },
  "metrics": {
    "kappa": 114588590080.0,
    "delta": 0.4942738711833954
  }
}