{
  "checkpoint": "checkpoints/strassen_exact.pt",
  "grade": "Cristal \u00d3ptico (\u03ba\u22481, \u03b4<0.01, resiliencia >1e-3)",
  "purity_index": 2.6018199980258943,
  "component_scores": {
    "kappa_score": 0,
    "delta_score": 0.00727999210357666,
    "resilience_score": 10.0,
    "invariance_score": 1.0
  },
  "diffraction": {
    "invariance_ratio": 0.0,
    "mean_error": 0.8007003724575043,
    "is_genuine": false
  },
  "resilience": {
    "sigma_1e-05": {
      "success_rate": 0.0,
      "final_margin_mean": 0.4966230630874634
    },
    "sigma_5e-05": {
      "success_rate": 0.0,
      "final_margin_mean": 0.49659870862960814
    },
    "sigma_0.0001": {
      "success_rate": 0.0,
      "final_margin_mean": 0.4966870307922363
    },
    "sigma_0.0005": {
      "success_rate": 0.0,
      "final_margin_mean": 0.49666926860809324
    },
    "sigma_0.001": {
      "success_rate": 0.0,
      "final_margin_mean": 0.49688122272491453
    },
    "sigma_0.005": {
      "success_rate": 0.0,
      "final_margin_mean": 0.4988261520862579
    },
    "sigma_0.01": {
      "success_rate": 0.0,
      "final_margin_mean": 0.498115599155426
    },
    "critical_sigma": 0.01
  },
  "expansion": {
    "pass": false,
    "max_error": 0.49636000394821167
  },
  "metrics": {
    "kappa": 59772567552.0,
    "delta": 0.49636000394821167
  }
}