{
  "checkpoint": "checkpoints/strassen_discrete_final.pt",
  "grade": "Cristal \u00d3ptico (\u03ba\u22481, \u03b4<0.01, resiliencia >1e-3)",
  "purity_index": 2.6029316842556,
  "component_scores": {
    "kappa_score": 0,
    "delta_score": 0.011726737022399902,
    "resilience_score": 10.0,
    "invariance_score": 1.0
  },
  "diffraction": {
    "invariance_ratio": 0.0,
    "mean_error": 1.1045540112257004,
    "is_genuine": false
  },
  "resilience": {
    "sigma_1e-05": {
      "success_rate": 0.0,
      "final_margin_mean": 0.49390313029289246
    },
    "sigma_5e-05": {
      "success_rate": 0.0,
      "final_margin_mean": 0.4938898980617523
    },
    "sigma_0.0001": {
      "success_rate": 0.0,
      "final_margin_mean": 0.4939448177814484
    },
    "sigma_0.0005": {
      "success_rate": 0.0,
      "final_margin_mean": 0.4941857635974884
    },
    "sigma_0.001": {
      "success_rate": 0.0,
      "final_margin_mean": 0.4950815200805664
    },
    "sigma_0.005": {
      "success_rate": 0.0,
      "final_margin_mean": 0.49651004672050475
    },
    "sigma_0.01": {
      "success_rate": 0.0,
      "final_margin_mean": 0.4974318027496338
    },
    "critical_sigma": 0.01
  },
  "expansion": {
    "pass": false,
    "max_error": 0.49413663148880005
  },
  "metrics": {
    "kappa": 14994921472.0,
    "delta": 0.49413663148880005
  }
}