{
  "checkpoint": "checkpoints/strassen_multiscale.pt",
  "grade": "Cristal \u00d3ptico (\u03ba\u22481, \u03b4<0.01, resiliencia >1e-3)",
  "purity_index": 2.6050532817840577,
  "component_scores": {
    "kappa_score": 0,
    "delta_score": 0.02021312713623047,
    "resilience_score": 10.0,
    "invariance_score": 1.0
  },
  "diffraction": {
    "invariance_ratio": 0.0,
    "mean_error": 0.651855962574482,
    "is_genuine": false
  },
  "resilience": {
    "sigma_1e-05": {
      "success_rate": 0.0,
      "final_margin_mean": 0.4901327252388
    },
    "sigma_5e-05": {
      "success_rate": 0.0,
      "final_margin_mean": 0.49008249044418334
    },
    "sigma_0.0001": {
      "success_rate": 0.0,
      "final_margin_mean": 0.49014211893081666
    },
    "sigma_0.0005": {
      "success_rate": 0.0,
      "final_margin_mean": 0.4902588248252869
    },
    "sigma_0.001": {
      "success_rate": 0.0,
      "final_margin_mean": 0.4895109534263611
    },
    "sigma_0.005": {
      "success_rate": 0.0,
      "final_margin_mean": 0.4925987720489502
    },
    "sigma_0.01": {
      "success_rate": 0.0,
      "final_margin_mean": 0.49127199649810793
    },
    "critical_sigma": 0.01
  },
  "expansion": {
    "pass": false,
    "max_error": 0.48989343643188477
  },
  "metrics": {
    "kappa": 11862516736.0,
    "delta": 0.48989343643188477
  }
}