{
  "checkpoint": "checkpoints/strassen_robust.pt",
  "grade": "Cristal \u00d3ptico (\u03ba\u22481, \u03b4<0.01, resiliencia >1e-3)",
  "purity_index": 2.6013962239027024,
  "component_scores": {
    "kappa_score": 0,
    "delta_score": 0.005584895610809326,
    "resilience_score": 10.0,
    "invariance_score": 1.0
  },
  "diffraction": {
    "invariance_ratio": 0.0,
    "mean_error": 1.8354114043712615,
    "is_genuine": false
  },
  "resilience": {
    "sigma_1e-05": {
      "success_rate": 0.0,
      "final_margin_mean": 0.4974091172218323
    },
    "sigma_5e-05": {
      "success_rate": 0.0,
      "final_margin_mean": 0.4974182665348053
    },
    "sigma_0.0001": {
      "success_rate": 0.0,
      "final_margin_mean": 0.4973777770996094
    },
    "sigma_0.0005": {
      "success_rate": 0.0,
      "final_margin_mean": 0.49741422533988955
    },
    "sigma_0.001": {
      "success_rate": 0.0,
      "final_margin_mean": 0.49743626117706297
    },
    "sigma_0.005": {
      "success_rate": 0.0,
      "final_margin_mean": 0.49843153953552244
    },
    "sigma_0.01": {
      "success_rate": 0.0,
      "final_margin_mean": 0.49815358519554137
    },
    "critical_sigma": 0.01
  },
  "expansion": {
    "pass": false,
    "max_error": 0.49720755219459534
  },
  "metrics": {
    "kappa": 78310678528.0,
    "delta": 0.49720755219459534
  }
}