{
  "checkpoint": "checkpoints/strassen_float64.pt",
  "grade": "Cristal \u00d3ptico (\u03ba\u22481, \u03b4<0.01, resiliencia >1e-3)",
  "purity_index": 2.601378506422043,
  "component_scores": {
    "kappa_score": 0,
    "delta_score": 0.005514025688171387,
    "resilience_score": 10.0,
    "invariance_score": 1.0
  },
  "diffraction": {
    "invariance_ratio": 0.0,
    "mean_error": 0.7761390870809555,
    "is_genuine": false
  },
  "resilience": {
    "sigma_1e-05": {
      "success_rate": 0.0,
      "final_margin_mean": 0.4975119471549988
    },
    "sigma_5e-05": {
      "success_rate": 0.0,
      "final_margin_mean": 0.4975257635116577
    },
    "sigma_0.0001": {
      "success_rate": 0.0,
      "final_margin_mean": 0.49757792949676516
    },
    "sigma_0.0005": {
      "success_rate": 0.0,
      "final_margin_mean": 0.49737870693206787
    },
    "sigma_0.001": {
      "success_rate": 0.0,
      "final_margin_mean": 0.49735655784606936
    },
    "sigma_0.005": {
      "success_rate": 0.0,
      "final_margin_mean": 0.49704800844192504
    },
    "sigma_0.01": {
      "success_rate": 0.0,
      "final_margin_mean": 0.4949474334716797
    },
    "critical_sigma": 0.01
  },
  "expansion": {
    "pass": false,
    "max_error": 0.4972429871559143
  },
  "metrics": {
    "kappa": 35763601408.0,
    "delta": 0.4972429871559143
  }
}