{
  "checkpoint": "checkpoints/strassen_multiscale.pt",
  "grade": "Cristal \u00d3ptico (\u03ba\u22481, \u03b4<0.01, resiliencia >1e-3)",
  "purity_index": 2.6001584440469743,
  "component_scores": {
    "kappa_score": 0,
    "delta_score": 0.0006337761878967285,
    "resilience_score": 10.0,
    "invariance_score": 1.0
  },
  "diffraction": {
    "invariance_ratio": 0.0,
    "mean_error": 7.043979527950287,
    "is_genuine": false
  },
  "resilience": {
    "sigma_1e-05": {
      "success_rate": 0.0,
      "final_margin_mean": 0.4996547043323517
    },
    "sigma_5e-05": {
      "success_rate": 0.0,
      "final_margin_mean": 0.4996760845184326
    },
    "sigma_0.0001": {
      "success_rate": 0.0,
      "final_margin_mean": 0.4996325492858887
    },
    "sigma_0.0005": {
      "success_rate": 0.0,
      "final_margin_mean": 0.4992527425289154
    },
    "sigma_0.001": {
      "success_rate": 0.0,
      "final_margin_mean": 0.49887027144432067
    },
    "sigma_0.005": {
      "success_rate": 0.0,
      "final_margin_mean": 0.49681723713874815
    },
    "sigma_0.01": {
      "success_rate": 0.0,
      "final_margin_mean": 0.494958883523941
    },
    "critical_sigma": 0.01
  },
  "expansion": {
    "pass": false,
    "max_error": 0.49968311190605164
  },
  "metrics": {
    "kappa": Infinity,
    "delta": 0.49968311190605164
  }
}