{
  "checkpoint": "checkpoints/strassen_multiscale.pt",
  "grade": "Vidrio Amorfo (\u03b4<0.5, m\u00ednimo local)",
  "purity_index": 0.5934826761484147,
  "component_scores": {
    "kappa_score": 1.0,
    "delta_score": 0.0006337761878967285,
    "resilience_score": 1.0,
    "invariance_score": 1.0
  },
  "metrics": {
    "kappa": Infinity,
    "delta": 0.49968311190605164,
    "lc": 0.8645833134651184
  },
  "expansion": {
    "pass": false,
    "max_error": 0.49968311190605164
  }
}