{
  "checkpoint": "checkpoints/strassen_discovered.pt",
  "grade": "Cristal \u00d3ptico (\u03ba\u22481, \u03b4<0.01, resiliencia >1e-3)",
  "purity_index": 2.600901609659195,
  "component_scores": {
    "kappa_score": 0,
    "delta_score": 0.003606438636779785,
    "resilience_score": 10.0,
    "invariance_score": 1.0
  },
  "diffraction": {
    "invariance_ratio": 0.0,
    "mean_error": 0.5527835230529309,
    "is_genuine": false
  },
  "resilience": {
    "sigma_1e-05": {
      "success_rate": 0.0,
      "final_margin_mean": 0.4984573245048523
    },
    "sigma_5e-05": {
      "success_rate": 0.0,
      "final_margin_mean": 0.4984748959541321
    },
    "sigma_0.0001": {
      "success_rate": 0.0,
      "final_margin_mean": 0.4984078884124756
    },
    "sigma_0.0005": {
      "success_rate": 0.0,
      "final_margin_mean": 0.49838346242904663
    },
    "sigma_0.001": {
      "success_rate": 0.0,
      "final_margin_mean": 0.49925516843795775
    },
    "sigma_0.005": {
      "success_rate": 0.0,
      "final_margin_mean": 0.4965707421302795
    },
    "sigma_0.01": {
      "success_rate": 0.0,
      "final_margin_mean": 0.497059166431427
    },
    "critical_sigma": 0.01
  },
  "expansion": {
    "pass": false,
    "max_error": 0.4981967806816101
  },
  "metrics": {
    "kappa": 273609670656.0,
    "delta": 0.4981967806816101
  }
}