{
  "checkpoint": "checkpoints/strassen_coefficients.pt",
  "grade": "Cristal \u00d3ptico (\u03ba\u22481, \u03b4<0.01, resiliencia >1e-3)",
  "purity_index": 2.610412007570267,
  "component_scores": {
    "kappa_score": 0,
    "delta_score": 0.041648030281066895,
    "resilience_score": 10.0,
    "invariance_score": 1.0
  },
  "diffraction": {
    "invariance_ratio": 0.0,
    "mean_error": 2.3702066838741302,
    "is_genuine": false
  },
  "resilience": {
    "sigma_1e-05": {
      "success_rate": 0.0,
      "final_margin_mean": 0.4790580987930298
    },
    "sigma_5e-05": {
      "success_rate": 0.0,
      "final_margin_mean": 0.47905967235565183
    },
    "sigma_0.0001": {
      "success_rate": 0.0,
      "final_margin_mean": 0.4790276050567627
    },
    "sigma_0.0005": {
      "success_rate": 0.0,
      "final_margin_mean": 0.479460334777832
    },
    "sigma_0.001": {
      "success_rate": 0.0,
      "final_margin_mean": 0.47982115745544435
    },
    "sigma_0.005": {
      "success_rate": 0.0,
      "final_margin_mean": 0.4813618779182434
    },
    "sigma_0.01": {
      "success_rate": 0.0,
      "final_margin_mean": 0.4844422698020935
    },
    "critical_sigma": 0.01
  },
  "expansion": {
    "pass": false,
    "max_error": 0.47917598485946655
  },
  "metrics": {
    "kappa": 7.296478185304288e+24,
    "delta": 0.47917598485946655
  }
}