{
  "checkpoint": "checkpoints/strassen_result.pt",
  "grade": "Cristal \u00d3ptico (\u03ba\u22481, \u03b4<0.01, resiliencia >1e-3)",
  "purity_index": 2.6040789991617204,
  "component_scores": {
    "kappa_score": 0,
    "delta_score": 0.016315996646881104,
    "resilience_score": 10.0,
    "invariance_score": 1.0
  },
  "diffraction": {
    "invariance_ratio": 0.0,
    "mean_error": 1.3130003288388252,
    "is_genuine": false
  },
  "resilience": {
    "sigma_1e-05": {
      "success_rate": 0.0,
      "final_margin_mean": 0.4919454038143158
    },
    "sigma_5e-05": {
      "success_rate": 0.0,
      "final_margin_mean": 0.4918833076953888
    },
    "sigma_0.0001": {
      "success_rate": 0.0,
      "final_margin_mean": 0.4919964253902435
    },
    "sigma_0.0005": {
      "success_rate": 0.0,
      "final_margin_mean": 0.4921384036540985
    },
    "sigma_0.001": {
      "success_rate": 0.0,
      "final_margin_mean": 0.4924708306789398
    },
    "sigma_0.005": {
      "success_rate": 0.0,
      "final_margin_mean": 0.49703863859176634
    },
    "sigma_0.01": {
      "success_rate": 0.0,
      "final_margin_mean": 0.4970804452896118
    },
    "critical_sigma": 0.01
  },
  "expansion": {
    "pass": false,
    "max_error": 0.49184200167655945
  },
  "metrics": {
    "kappa": 162440626176.0,
    "delta": 0.49184200167655945
  }
}