{
  "checkpoint": "strassen_discovered.pt",
  "purity_index": 0.6012685626745224,
  "grade": "Amorphous Glass (\u03b4<0.5, local minimum)",
  "components": {
    "kappa_score": 1.0,
    "delta_score": 0.0096818208694458,
    "resilience_score": 1.0,
    "invariance_score": 1.0,
    "lc_score": 0.9479166865348816
  },
  "metrics": {
    "kappa": Infinity,
    "delta": 0.4951590895652771,
    "lc": 0.9479166865348816
  },
  "verification_passed": false
}