{
  "checkpoint": "checkpoints/strassen_float64.pt",
  "grade": "Cristal \u00d3ptico (\u03ba\u22481, \u03b4<0.01, resiliencia >1e-3)",
  "purity_index": 2.6069856345653535,
  "component_scores": {
    "kappa_score": 0,
    "delta_score": 0.027942538261413574,
    "resilience_score": 10.0,
    "invariance_score": 1.0
  },
  "diffraction": {
    "invariance_ratio": 0.0,
    "mean_error": 2.3346084547042847,
    "is_genuine": false
  },
  "resilience": {
    "sigma_1e-05": {
      "success_rate": 0.0,
      "final_margin_mean": 0.4860171556472778
    },
    "sigma_5e-05": {
      "success_rate": 0.0,
      "final_margin_mean": 0.4860294938087463
    },
    "sigma_0.0001": {
      "success_rate": 0.0,
      "final_margin_mean": 0.4860873818397522
    },
    "sigma_0.0005": {
      "success_rate": 0.0,
      "final_margin_mean": 0.4859520673751831
    },
    "sigma_0.001": {
      "success_rate": 0.0,
      "final_margin_mean": 0.48625065088272096
    },
    "sigma_0.005": {
      "success_rate": 0.0,
      "final_margin_mean": 0.4870715379714966
    },
    "sigma_0.01": {
      "success_rate": 0.0,
      "final_margin_mean": 0.48991371393203736
    },
    "critical_sigma": 0.01
  },
  "expansion": {
    "pass": false,
    "max_error": 0.4860287308692932
  },
  "metrics": {
    "kappa": 1.1321909383246617e+25,
    "delta": 0.4860287308692932
  }
}